id,name,date,diameter_min_km,diameter_max_km,hazardous,velocity_km_s,miss_distance_km
3182823,(2004 KG1),2026-03-07,0.0429096504,0.0959488953,False,10.7109277967,57547942.02898158
3843533,(2019 PE2),2026-03-07,0.2130860292,0.4764748465,False,25.6343351971,48258012.04922984
3874057,(2019 TK1),2026-03-07,0.0406027058,0.0907904103,False,10.6439731434,66028285.182248704
54336809,(2022 YU4),2026-03-07,0.2770479727,0.6194981001,True,9.596517737,12777982.639462782
54376899,(2023 PA1),2026-03-07,0.0228325794,0.0510551996,False,31.4360371683,57410459.41728246
54381338,(2023 RW3),2026-03-07,0.012605352,0.0281864239,False,9.8027455157,29593478.28908637
54402652,(2023 VM2),2026-03-07,0.0318093633,0.0711278987,False,6.1844829454,64858089.78793041
54545153,(2025 RB3),2026-03-07,0.0241298697,0.0539560289,False,5.9951311579,28951938.819034822
54603976,(2026 DG7),2026-03-07,0.0222307941,0.0497095668,False,16.0022849017,3597952.04214488
54604523,(2026 DW14),2026-03-07,0.014091427,0.0315093888,False,12.0438401613,4798189.531118707
2476187,476187 (2007 UQ13),2026-03-08,0.2550086879,0.5702167609,False,24.5471092347,62236510.100589335
3599863,(2012 DF31),2026-03-08,0.0322518756,0.0721173863,False,16.0173060835,5148298.931481323
3732114,(2015 UG51),2026-03-08,0.0183888672,0.0411187571,False,4.9452127328,30816086.95769553
3766360,(2017 AE5),2026-03-08,0.0973991073,0.217791025,False,6.8759592206,16461705.887342598
3789428,(2017 VE15),2026-03-08,0.0291443905,0.0651688382,False,6.4986507922,70557071.22462025
3792461,(2017 YE),2026-03-08,0.0050647146,0.0113250461,False,12.9036996974,40662206.97799857
3879241,(2019 UV),2026-03-08,0.0160160338,0.0358129403,False,14.8580366079,42950050.21329619
54051257,(2020 QF2),2026-03-08,0.0069912523,0.0156329154,False,8.0267840849,54199084.68210392
54248967,(2022 EK1),2026-03-08,0.0309424699,0.069189466,False,15.091393631,37221232.85773525
54254973,(2022 EJ5),2026-03-08,0.0296862251,0.0663804174,False,12.4167159717,25867603.358009417
2755140,755140 (2017 AE5),2026-03-08,0.0973991073,0.217791025,False,6.8759592022,16461705.97710132
54522546,(2025 ER1),2026-03-08,0.0260948603,0.0583498816,False,6.8385938893,18851552.729495466
54604126,(2026 DY7),2026-03-08,0.0155580433,0.0347888425,False,7.6690415591,3488666.340093354
54604131,(2026 DM8),2026-03-08,0.025630376,0.0573112629,False,15.7553537593,6017659.247460799
2244670,244670 (2003 KN18),2026-03-05,0.6061149227,1.3553141694,False,10.8391196325,14002632.197013412
2469219,469219 Kamo`oalewa (2016 HO3),2026-03-05,0.0365220357,0.0816657545,False,2.9835586472,25656230.349094387
3410533,(2008 JL24),2026-03-05,0.0031956189,0.007145621,False,2.402946741,9123043.29335286
3608622,(2012 RL15),2026-03-05,0.0366906138,0.0820427065,False,20.4337842687,55419097.96230666
3633127,(2013 FM9),2026-03-05,0.046190746,0.1032856481,False,17.0171412919,45254331.875900686
3736497,(2015 XF261),2026-03-05,0.0236894499,0.0529712204,False,7.630738661,39213681.72466829
3788026,(2017 UG5),2026-03-05,0.0146067964,0.0326617897,False,16.9164099578,50110602.45093158
54130498,(2021 EY1),2026-03-05,0.0122618211,0.0274182656,False,19.8131836323,24990249.13024862
54152389,(2021 LC),2026-03-05,0.0165407416,0.0369862226,False,12.6660420783,52934990.489612736
54207052,(2021 TV9),2026-03-05,0.0225193047,0.050354696,False,6.3968926863,52151518.61921892
54268446,(2022 GO),2026-03-05,0.0189040552,0.0422707525,False,13.877877867,17507156.28532144
54305656,(2022 SP4),2026-03-05,0.0373727432,0.0835679943,False,12.5575244253,64069090.62031519
54347926,(2023 EM1),2026-03-05,0.0745684261,0.1667400697,False,20.9306337284,57011704.993296
54602702,(2026 CY2),2026-03-05,0.0216149869,0.04833258,False,2.1382207214,11592252.164575612
3442840,(2008 YR27),2026-03-06,0.6089126221,1.3615700154,False,16.8764327125,35889166.85343832
3683472,(2014 QZ295),2026-03-06,0.0291443905,0.0651688382,False,8.8708034919,42612536.25047759
3752904,(2016 JP15),2026-03-06,0.1557955241,0.3483693825,False,14.6705800915,59807161.82118467
3759721,(2016 SX1),2026-03-06,0.0050647146,0.0113250461,False,6.8562200572,35894384.88698307
3768609,(2017 BM123),2026-03-06,0.0459785188,0.1028110936,False,7.1562732689,7608584.678713038
3770324,(2017 EG),2026-03-06,0.0421264611,0.0941976306,False,12.4617973807,39963720.68516559
3788891,(2017 UA45),2026-03-06,0.0160160338,0.0358129403,False,3.4708420068,20839105.72189681
3873325,(2019 TA1),2026-03-06,0.0160160338,0.0358129403,False,6.0842647015,52054012.86680246
54048948,(2020 OA3),2026-03-06,0.0296862251,0.0663804174,False,20.1661994051,69792152.51198341
54130036,(2021 ER),2026-03-06,0.0104365024,0.0233367288,False,3.9630880491,2405896.404756454
54491554,(2024 TC16),2026-03-06,0.0310852938,0.0695088301,False,4.8767080668,27321600.99118301
54492950,(2024 TU20),2026-03-06,0.0305179233,0.0682401509,False,7.4162602332,26364625.42140447
54604540,(2026 DM15),2026-03-06,0.0741233394,0.1657448255,False,7.9544350056,4717276.306775002
2500080,500080 (2011 WV134),2026-03-03,0.9562137328,2.1381589077,True,11.3319575114,9589236.751290856
3130460,(2002 MR3),2026-03-03,0.109788026,0.2454934893,True,19.6446706934,63198148.366699606
3601674,(2012 FU35),2026-03-03,0.04411182,0.0986370281,False,9.7530744208,21185266.56127971
3746620,(2016 ED156),2026-03-03,0.0515887466,0.1153559443,False,20.4320822777,35841082.98638462
3837880,(2019 AM12),2026-03-03,0.022108281,0.0494356193,False,4.2739726763,22876424.525164045
3841196,(2019 GJ20),2026-03-03,0.1529519353,0.3420109247,False,16.8186202695,16954220.22283945
3991610,(2020 DF),2026-03-03,0.0154367182,0.0345175513,False,8.8826077428,16858821.21234684
54054666,(2020 SL5),2026-03-03,0.0608912622,0.1361570015,False,23.7689354548,49635434.78132994
54130760,(2021 EN2),2026-03-03,0.0431077124,0.0963917753,False,16.902756335,43046360.93304773
54260713,(2022 FC),2026-03-03,0.0156514644,0.0349977383,False,25.9149033155,71286302.93153478
54597147,(2026 CD1),2026-03-03,0.0455569852,0.1018685158,False,10.8535499774,2466532.72988611
54602704,(2026 CB3),2026-03-03,0.0248058993,0.0554676771,False,8.9419420986,5328839.729630632
54603181,(2026 CX4),2026-03-03,0.032133274,0.0718521849,False,12.3486103327,2914857.769437696
54603654,(2026 DK4),2026-03-03,0.0178547995,0.0399245453,False,8.4996649711,2991291.300524038
54604290,(2026 DQ10),2026-03-03,0.0189301902,0.042329192,False,13.129818381,1513183.547114451
54604298,(2026 DY10),2026-03-03,0.0277303261,0.0620068942,False,9.3411257935,19098787.45948519
54604520,(2026 DR14),2026-03-03,0.0494942761,0.1106725658,False,8.3763492476,6350751.007483482
54604541,(2026 DN15),2026-03-03,0.0263970246,0.0590255413,False,9.3821746438,7969043.738435438
3512284,(2010 FT),2026-03-04,0.0192555078,0.0430566244,False,19.3955447767,65819818.45603352
3691354,(2014 SJ262),2026-03-04,0.0211132445,0.0472106499,False,4.8778126935,37884072.68586867
3733147,(2015 VR1),2026-03-04,0.1764229081,0.3944936153,False,16.4528080611,68335617.89341184
3736207,(2015 XX128),2026-03-04,0.0163890951,0.0366471308,False,1.8821541154,35939511.20414686
3745105,(2016 EB27),2026-03-04,0.0699125232,0.1563291544,False,25.6691952265,21940030.69017925
3878561,(2019 TS1),2026-03-04,0.0373727432,0.0835679943,False,12.8828298369,42357336.70549226
54103183,(2020 YS4),2026-03-04,0.0074568426,0.016674007,False,20.1812212481,66096918.396157295
54347982,(2023 EA2),2026-03-04,0.0658498783,0.1472448042,False,23.9211549054,53340968.72546534
54487286,(2024 TX2),2026-03-04,0.04493192,0.1004708274,False,13.4357409654,52770738.82009604
54602980,(2026 CT4),2026-03-04,0.0526932489,0.1178256865,False,14.1573314394,26178480.29809049
54603182,(2026 DA1),2026-03-04,0.013000348,0.0290696618,False,1.8632890996,4958642.940635683
54604127,(2026 DZ7),2026-03-04,0.0290907539,0.0650489033,False,10.8573129579,5819814.598326673
54604129,(2026 DL8),2026-03-04,0.0347180222,0.0776318577,False,9.5083292195,24030875.880608656
54604134,(2026 DQ8),2026-03-04,0.0116507793,0.0260519346,False,8.5687193945,1476968.580589324
54604375,(2026 DB14),2026-03-04,0.0578568755,0.1293719067,False,8.4295952542,11626820.25302927
54604378,(2026 DE14),2026-03-04,0.0168560176,0.0376912012,False,5.2001693939,7284432.722843898
3558388,(2011 EH17),2026-03-02,0.0288771931,0.0645713667,False,16.4520865042,6069264.349178555
3561772,(2011 GW9),2026-03-02,0.0063760979,0.0142573883,False,7.3624437968,70655890.79041041
3611402,(2012 TR231),2026-03-02,0.04411182,0.0986370281,False,23.5712081675,71455383.87461145
3843098,(2019 MT3),2026-03-02,0.0689532874,0.154184238,False,8.6024035976,31947909.899967343
54087420,(2020 VL),2026-03-02,0.0251509837,0.0562393094,False,8.5266316771,30213086.77123508
54246382,(2022 CW4),2026-03-02,0.0565659358,0.1264852778,False,23.6733838753,69878913.57690457
54248340,(2022 DJ1),2026-03-02,0.0081386988,0.0181986838,False,18.3677732786,68124634.73654604
54353620,(2023 FW13),2026-03-02,0.0165407416,0.0369862226,False,3.3314096417,10763198.58614193
54571238,(2025 YK9),2026-03-02,0.4320708593,0.9661398124,False,14.813002218,12230961.88619761
54603967,(2026 DX6),2026-03-02,0.0056073153,0.0125383382,False,6.7186422299,768493.2340622
54604136,(2026 DT8),2026-03-02,0.009839091,0.0220008763,False,5.2161038767,4695250.713179162
54604384,(2026 DM14),2026-03-02,0.025278714,0.0565249229,False,13.7601667515,3887044.914391235
3617076,(2012 VC26),2025-02-27,0.0048367649,0.0108153351,False,7.132276212,33769070.836367175
3745029,(2016 EG1),2025-02-27,0.0040230458,0.0089958039,False,15.3375680981,18913001.92457134
3748560,(2016 GE1),2025-02-27,0.0121494041,0.0271668934,False,20.7836753311,61737703.72355964
3802437,(2018 GC2),2025-02-27,0.0116025908,0.0259441818,False,18.2997100887,73269220.78353204
3843427,(2019 OV3),2025-02-27,0.0373727432,0.0835679943,False,15.1658785279,59048541.50799014
54110070,(2021 CH1),2025-02-27,0.0322518756,0.0721173863,False,17.2700464857,51210540.23782968
54132968,(2021 FY2),2025-02-27,0.0185590173,0.0414992243,False,10.4223140535,33249975.158460017
54235541,(2022 AK2),2025-02-27,0.0152951935,0.0342010925,False,25.9796805031,65639675.52837927
54248345,(2022 DN1),2025-02-27,0.0144728805,0.0323623447,False,11.1892495488,8591696.626997363
54322907,(2022 UG28),2025-02-27,0.0146067964,0.0326617897,False,8.8142905836,16126990.676274888
54350901,(2023 FM2),2025-02-27,0.035200998,0.0787118244,False,12.9765480458,74490680.89953448
54427163,(2024 CC7),2025-02-27,0.0142087207,0.0317716653,False,8.2347294628,7931633.44004965
54483853,(2024 SS3),2025-02-27,0.0415484643,0.0929051906,False,9.6828810377,45617257.8942581
54507070,(2024 XZ18),2025-02-27,0.1048467509,0.2344444622,False,8.9969082718,25467645.32940008
54517337,(2025 BH4),2025-02-27,0.0611723235,0.1367854737,False,8.9922310572,13169194.264044916
54520164,(2025 DJ1),2025-02-27,0.0230438467,0.0515276076,False,6.4510634001,4955628.079801786
54520177,(2025 DX1),2025-02-27,0.0203495578,0.0455029946,False,13.6480034295,11397647.521069732
54520308,(2025 DL2),2025-02-27,0.0224158379,0.0501233372,False,7.7470143237,12875879.006877596
54520328,(2025 DK3),2025-02-27,0.0101054342,0.0225964377,False,15.6476792565,1069332.979854565
54520919,(2025 DF9),2025-02-27,0.0108281678,0.0242125192,False,4.5464351427,4682324.574583729
54522525,(2025 EX),2025-02-27,0.0557898221,0.1247498347,False,10.1064588111,7120215.505716657
3447919,(2009 DE1),2025-02-26,0.0327005439,0.0731206391,False,18.2947751197,2508262.038457094
3607626,(2012 PK24),2025-02-26,0.0497227313,0.1111834072,False,22.1029974323,53345755.91714449
3673598,(2014 LZ20),2025-02-26,0.0340843469,0.0762149166,False,9.6513980248,62559063.01978583
3693267,(2014 TC36),2025-02-26,0.02658,0.0594346868,False,14.5809732707,61269520.13523746
3733138,(2015 VK1),2025-02-26,0.0127219879,0.0284472297,False,21.6570577293,43424729.90960568
3758248,(2016 QG44),2025-02-26,0.0868070458,0.1941064553,False,15.4936598204,29690660.85026449
3773595,(2017 FL127),2025-02-26,0.0732073989,0.1636967205,False,16.1975427591,9629977.053383484
54016311,(2020 FA3),2025-02-26,0.0555334912,0.1241766613,False,17.2407513181,66056453.309266105
54316897,(2022 UY),2025-02-26,0.0212106988,0.0474285643,False,9.2250676049,35060789.50225639
54426894,(2024 CX6),2025-02-26,0.0490405098,0.1096579137,False,10.4541511884,41779099.25997567
54468514,(2024 QH3),2025-02-26,0.0211132445,0.0472106499,False,3.6548261648,34566695.26365448
54519995,(2025 DL),2025-02-26,0.0547715431,0.1224728936,False,6.7041888382,19072267.915954977
54520042,(2025 DY),2025-02-26,0.0167708462,0.0375007522,False,12.8083786704,3638561.535859979
54520174,(2025 DT1),2025-02-26,0.0049266871,0.0110164072,False,7.8383759054,854413.708551823
54520788,(2025 DN6),2025-02-26,0.0024578477,0.0054959146,False,5.9986719686,298312.125221058
54521229,(2025 DO22),2025-02-26,0.0164647438,0.0368162863,False,14.1029805143,7511328.410664378
54521729,(2025 DB30),2025-02-26,0.0039496169,0.008831612,False,9.1366032314,385538.648954929
54522096,(2025 EE),2025-02-26,0.0168482569,0.0376738478,False,16.9352581414,2716476.108829631
54543547,(2025 RB),2025-02-26,0.0128989683,0.02884297,False,16.9719035804,24273548.45899508
2101955,101955 Bennu (1999 RQ36),2025-02-25,0.2412986969,0.5395602892,True,16.8962992971,58574507.31152992
3693428,(2014 UR),2025-02-25,0.0127219879,0.0284472297,False,15.4247254715,70813589.4000307
3708359,(2015 BK509),2025-02-25,0.0896509666,0.2004656557,False,14.5528180487,3600240.186445891
54240399,(2022 BH3),2025-02-25,0.0144063837,0.0322136532,False,24.1772173081,59260640.78464445
54248454,(2022 DW1),2025-02-25,0.0235806068,0.0527278398,False,14.4946858932,12027964.622667288
54248796,(2022 DT4),2025-02-25,0.0153657929,0.0343589575,False,9.6330885786,11056066.979511771
54320728,(2022 UM11),2025-02-25,0.0309424699,0.069189466,False,6.9434101727,22786186.551427715
54381338,(2023 RW3),2025-02-25,0.012605352,0.0281864239,False,5.1488362368,2742173.013672715
54467564,(2024 QH2),2025-02-25,0.0112345318,0.0251211767,False,23.5874574608,49203705.2767683
54519999,(2025 DP),2025-02-25,0.012605352,0.0281864239,False,6.4880031627,5580476.257266813
54520038,(2025 DT),2025-02-25,0.0229379698,0.0512908597,False,24.4765406746,975755.772222815
54520166,(2025 DL1),2025-02-25,0.0073545309,0.016445231,False,3.5885209999,3838243.306676853
54520171,(2025 DR1),2025-02-25,0.0089239058,0.01995446,False,6.25410658,2783202.518367626
54520302,(2025 DE2),2025-02-25,0.0115492818,0.0258249791,False,9.5152542531,1295820.48988675
54520309,(2025 DM2),2025-02-25,0.0087207729,0.019500241,False,14.7660395301,907782.688835175
54520315,(2025 DT2),2025-02-25,0.0125474356,0.028056919,False,9.8493832586,289924.591524194
54520327,(2025 DH3),2025-02-25,0.0287445144,0.0642746882,False,11.576934293,8773427.745478688
54520329,(2025 DJ3),2025-02-25,0.0479242116,0.1071617948,False,30.0208044891,15791859.987042828
54520516,(2025 DZ3),2025-02-25,0.0288771931,0.0645713667,False,9.8692928242,8069202.564196986
54520922,(2025 DP13),2025-02-25,0.0375452479,0.0839537266,False,14.8745859203,13187773.317193188
54521711,(2025 DJ25),2025-02-25,0.0127807099,0.0285785361,False,7.4982259846,6033752.402883706
54521726,(2025 DW29),2025-02-25,0.0175612318,0.0392681082,False,5.9595966722,16134742.778059142
54522093,(2025 DH30),2025-02-25,0.0084441313,0.0188816516,False,28.0730045961,400336.705697672
54526667,(2025 FE26),2025-02-25,0.013506878,0.0302022973,False,6.7557362958,4575607.512839464
54541503,(2025 QL3),2025-02-25,0.0080640828,0.0180318372,False,3.9177121297,21143054.85941712
54542539,(2025 QM9),2025-02-25,0.0147419515,0.0329640056,False,11.3814520254,14769379.339696756
54604135,(2026 DS8),2025-02-25,0.0136821698,0.0305942618,False,17.5947460937,5008973.288983595
54604520,(2026 DR14),2025-02-25,0.0494942761,0.1106725658,False,12.392152414,17038061.675890535
2455176,455176 (1999 VF22),2025-02-24,0.191670368,0.428587972,True,23.61028202,10466234.711724248
3136735,(2002 SQ),2025-02-24,0.3195618867,0.7145621017,False,10.5949764699,29332106.06670868
3141526,(2002 UZ30),2025-02-24,0.3346223745,0.7482383761,False,24.4606550279,54231473.54846572
3740494,(2016 AF193),2025-02-24,0.1043650238,0.2333672878,True,6.4304145902,21057834.05416549
3742875,(2016 CD137),2025-02-24,0.0160160338,0.0358129403,False,5.3462372007,12117164.566703262
3762168,(2016 UC57),2025-02-24,0.04411182,0.0986370281,False,5.3360644505,64752234.00600309
3799832,(2018 EU1),2025-02-24,0.0121494041,0.0271668934,False,22.1345609188,56469844.85791306
54248632,(2022 DV3),2025-02-24,0.0298232505,0.0666868155,False,12.9105834004,21856672.55792656
2612472,612472 (2002 SQ),2025-02-24,0.2861244538,0.6397937287,False,10.5950031112,29332071.00096795
54296730,(2022 QB2),2025-02-24,0.0223128464,0.0498930414,False,27.6842240368,58775165.56748343
54341525,(2023 CA2),2025-02-24,0.040230458,0.0899580388,False,24.1843284593,57212338.56560096
54403809,(2023 VS4),2025-02-24,0.0051115778,0.0114298355,False,9.1937830599,13043968.684548086
54515310,(2025 AE3),2025-02-24,0.096506147,0.2157943048,False,10.0867730194,10512144.652450675
54516843,(2025 BT1),2025-02-24,0.1283970296,0.2871044863,True,14.135377109,7829952.904754462
54520161,(2025 DF1),2025-02-24,0.0270741591,0.0605396602,False,11.5657264585,4055172.709598998
54520528,(2025 DS4),2025-02-24,0.0074912618,0.0167509707,False,8.3759045164,1130975.978971025
54520921,(2025 DJ13),2025-02-24,0.0063760979,0.0142573883,False,7.8588627568,1552338.126744865
54521708,(2025 DF25),2025-02-24,0.0040978398,0.0091630484,False,7.5561002034,725099.993262567
54521722,(2025 DE29),2025-02-24,0.0220067027,0.0492084832,False,4.5206783748,22739454.54048606
54603880,(2026 DN5),2025-02-24,0.0017472497,0.0039069691,False,8.8972755512,7201979.313629608
3368493,(2007 DW),2025-02-23,0.2140695897,0.4786741544,False,26.0224072912,27220027.238847427
3672459,(2014 KG39),2025-02-23,0.02658,0.0594346868,False,13.5178139657,18878369.62871188
3712903,(2015 EF),2025-02-23,0.0116025908,0.0259441818,False,24.0424055148,48040384.099053726
3781003,(2017 QF17),2025-02-23,0.3051792326,0.6824015094,False,8.8682135417,53112198.636172906
3994622,(2020 DV2),2025-02-23,0.0253837029,0.0567596853,False,13.1066103502,45025589.98580675
54065901,(2020 TS5),2025-02-23,0.0152951935,0.0342010925,False,4.3456154287,35361938.57156456
54253541,(2022 EF4),2025-02-23,0.0191670368,0.0428587972,False,6.4030153398,64155612.88215646
54467481,(2024 QR1),2025-02-23,0.0508809225,0.1137732014,False,17.2755732176,18829575.815046523
54510160,(2024 YE6),2025-02-23,0.1058168859,0.2366137501,False,4.7628283653,25867858.093262453
54520170,(2025 DP1),2025-02-23,0.0068007213,0.0152068751,False,5.6181923275,3851015.179948742
54520312,(2025 DS2),2025-02-23,0.0328514828,0.0734581487,False,11.047265096,3601836.440598152
54520317,(2025 DX2),2025-02-23,0.0188171989,0.042076536,False,15.8433210026,4694765.911361853
54520319,(2025 DZ2),2025-02-23,0.0032550299,0.007278468,False,11.9922761339,187671.171185841
54520526,(2025 DQ4),2025-02-23,0.0295498293,0.0660754271,False,10.194331949,6302042.928357424
54520789,(2025 DP6),2025-02-23,0.0578835257,0.1294314984,False,12.6214542109,7240426.714208958
54520790,(2025 DQ6),2025-02-23,0.0294140602,0.0657718381,False,17.4240356181,1034218.978853703
54521718,(2025 DQ27),2025-02-23,0.0082519194,0.0184518527,False,16.1816615616,1588077.28228467
2480858,480858 (2001 PT9),2026-03-10,0.1764229081,0.3944936153,True,10.6516032751,12722867.74731802
2527977,527977 (2008 EY68),2026-03-10,0.0921626549,0.2060819612,False,19.9496852264,18666444.09502379
3670729,(2014 JR25),2026-03-10,0.058150704,0.130028927,False,12.5207014525,30790866.985821795
3739379,(2016 AW64),2026-03-10,0.0689532874,0.154184238,False,10.7580967565,28677610.9872813
3745831,(2016 EJ55),2026-03-10,0.0319561887,0.0714562102,False,13.7821587452,34576004.23047182
3771608,(2017 FZ),2026-03-10,0.0573528464,0.1282448632,False,19.1611369404,34738584.39810765
3785769,(2017 TJ4),2026-03-10,0.0242412481,0.0542050786,False,15.2344280916,67582400.12777492
3840879,(2019 GL5),2026-03-10,0.1864468183,0.41690776,False,27.1670116256,15537588.397645108
3071762,(2001 EC16),2026-03-11,0.0888290416,0.1986277755,False,15.6678424281,28900877.34101686
3092085,(2001 QM163),2026-03-11,0.2682594171,0.5998462923,False,21.5644478328,23973102.275279105
3267321,(2005 CR37),2026-03-11,0.4411182,0.9863702813,False,15.1878542443,34384329.969882645
3674069,(2014 MR26),2026-03-11,0.6230960191,1.3932850552,True,24.9617232184,18574196.30382358
3731244,(2015 TE323),2026-03-11,0.573528464,1.2824486324,True,11.1223235871,18781006.652502544
3989301,(2020 BP13),2026-03-11,0.1565146436,0.3499773825,True,12.3872465504,37576481.97715767
3147579,(2003 CA4),2026-03-09,0.0506471459,0.1132504611,False,9.2888107512,29729653.400441904
3445544,(2009 CE),2026-03-09,0.0366906138,0.0820427065,False,20.1368509657,73529405.96177107
3600106,(2012 DJ54),2026-03-09,0.0053034072,0.0118587791,False,10.5310509872,25451689.878816504
3607729,(2012 QD8),2026-03-09,0.067383719,0.1506745763,False,21.3415525054,2971340.524666589
3724221,(2015 ME131),2026-03-09,0.3065878759,0.6855513317,True,22.4262851569,59924312.42181443
3786458,(2017 UG),2026-03-09,0.008405334,0.0187948982,False,10.8945801148,44712027.46476343
54054410,(2020 RX8),2026-03-09,0.3194147569,0.7142331095,True,22.4291046966,59891758.48916288
3713008,(2015 EX),2026-03-08,0.0166937912,0.0373284519,False,10.6790808547,562319.588877741
54606183,(2026 EK1),2026-03-08,0.0138725078,0.0310198704,False,10.6766217293,562175.810364884
3840689,(2019 FO),2026-03-14,0.0305179233,0.0682401509,False,14.3631183312,43815105.34193366
3325676,(2006 EF1),2026-03-12,0.0692715614,0.1548959201,False,20.2895968108,52776072.7171911
3663466,(2014 EB4),2026-03-12,0.0175612318,0.0392681082,False,8.9041368134,5688102.859100891
3712886,(2015 DW215),2026-03-12,0.0802703167,0.1794898848,False,0.7732337524,49210433.770086855
3747315,(2016 EM157),2026-03-12,0.0110803882,0.0247765013,False,14.3485134626,29854657.75460858
3771609,(2017 FG1),2026-03-12,0.0192555078,0.0430566244,False,12.2477918735,10259799.65922175
3837917,(2019 AM13),2026-03-12,0.1034081995,0.2312277636,False,34.5133194416,21157887.533106983
3843915,(2019 SQ1),2026-03-12,0.0080270317,0.0179489885,False,20.2905158305,71470631.02415994
3519453,(2010 JA),2026-03-13,0.0105816886,0.023661375,False,7.5717949398,64389321.01762015
3574593,(2011 ON24),2026-03-13,0.0667659413,0.1492931834,False,7.4306221408,71096934.55755399
3648203,(2013 RZ73),2026-03-13,0.1677084622,0.3750075218,True,20.0592269255,10497458.794110434
3731680,(2015 UK),2026-03-13,0.0139493823,0.0311917671,False,14.2323949321,19634298.64630553
3769881,(2017 DV35),2026-03-13,0.0096506147,0.0215794305,False,10.2367746388,30434483.764946904
3802409,(2018 GY),2026-03-13,0.0287445144,0.0642746882,False,15.2808488971,26470824.48556407
3878603,(2019 TC4),2026-03-13,0.0552783379,0.1236061213,False,10.9324029135,64188714.74692646
3414400,(2008 MQ1),2026-03-21,0.0384197891,0.0859092601,False,5.1240927475,62685677.31630987
3648644,(2013 SK20),2026-03-21,0.0088014652,0.0196806745,False,13.6389223707,11745827.438024664
3661496,(2014 CH13),2026-03-21,0.0308003021,0.0688715693,False,4.1054649236,10788646.754606564
3713307,(2015 EP7),2026-03-21,0.0921626549,0.2060819612,False,10.1291792436,71840570.25050211
3772982,(2017 FP101),2026-03-21,0.0305179233,0.0682401509,False,12.4705101097,47055349.055190764
3781457,(2017 RR15),2026-03-21,0.1925550782,0.4305662442,True,11.8603302145,22815405.977476537
3546367,(2010 RA91),2026-03-22,0.0508809225,0.1137732014,False,9.887867064,1796116.517626538
3712947,(2015 EQ),2026-03-22,0.0160160338,0.0358129403,False,16.2815087358,27575878.17554107
3733861,(2015 VT64),2026-03-22,0.0167708462,0.0375007522,False,15.515158144,69226706.19298458
3836962,(2018 YU),2026-03-22,0.2670268771,0.5970902489,False,10.4949024382,21132883.50575859
2248590,248590 (2006 CS),2026-03-20,1.4878357048,3.3269017752,False,33.4457425253,23591910.192437027
3472698,(2009 UX87),2026-03-20,0.0231502122,0.0517654482,False,13.9150928814,60006755.31429846
3713306,(2015 EO7),2026-03-20,0.0201629919,0.0450858206,False,4.4921060589,21065927.70284674
3835874,(2018 VD),2026-03-20,0.0101054342,0.0225964377,False,18.6770385432,26507510.37122417
3989355,(2020 CB),2026-03-20,0.0076657557,0.0171411509,False,7.2271891228,39120909.81733055
54049855,(2020 OB6),2026-03-20,0.0278326768,0.0622357573,False,4.1098429458,10798198.623485424
3256319,(2004 TB10),2026-03-18,0.1332155667,0.2978790628,True,17.2828825237,69328739.73437361
3703545,(2015 AJ44),2026-03-18,0.0880146521,0.1968067451,False,15.9170977702,16216668.271349989
3748418,(2016 FL12),2026-03-18,0.0146067964,0.0326617897,False,17.2877966834,62248817.0984802
3771018,(2017 EZ2),2026-03-18,0.0253837029,0.0567596853,False,12.5864772253,41144422.90636589
3054338,(2000 SZ162),2026-03-19,0.0092162655,0.0206081961,False,5.915807471,30699479.60677089
3655975,(2014 AF51),2026-03-19,0.2072788434,0.4634895841,True,8.942127028,17440362.212666843
3788080,(2017 UN7),2026-03-19,0.0192555078,0.0430566244,False,4.8728168866,39127087.3416939
3789225,(2017 VR12),2026-03-19,0.1961349444,0.4385710684,True,6.4447591411,8006665.209174518
2394392,394392 (2007 EP88),2026-03-16,0.5630603897,1.2590413069,False,34.0299797861,27729186.43175196
3602500,(2012 GP1),2026-03-16,0.0152951935,0.0342010925,False,15.0245280749,53210851.62473483
3710916,(2015 DD1),2026-03-16,0.0022108281,0.0049435619,False,17.1772473497,51505408.81456057
3736412,(2015 XX169),2026-03-16,0.0088014652,0.0196806745,False,5.9552044984,31707251.34274495
3748365,(2016 FF12),2026-03-16,0.0152951935,0.0342010925,False,10.4898090883,27293261.4100468
54606465,(2026 FM),2026-03-16,0.0076869663,0.0171885792,False,4.6983008301,1138333.785649318
3321495,(2006 CW),2026-03-17,0.0817626533,0.1828268509,False,6.6556054552,28142901.151371185
3735181,(2015 VO142),2026-03-17,0.004411182,0.0098637028,False,3.0926228754,1034242.001965896
3739247,(2016 AB9),2026-03-17,0.0305179233,0.0682401509,False,3.4212122518,30930860.193854608
3752009,(2016 GT221),2026-03-17,0.058150704,0.130028927,False,7.6419736599,32892828.689252388
3757410,(2016 PA40),2026-03-17,0.0336166921,0.0751692087,False,9.4981205483,15798855.482639767
3766128,(2016 YK4),2026-03-17,0.0160160338,0.0358129403,False,9.0517741479,28244148.346516345
3774381,(2017 HS49),2026-03-17,0.0649463841,0.1452245297,False,13.954327907,60449552.09920228
3584577,(2011 UY255),2026-03-30,0.0680072129,0.1520687509,False,21.3150427744,71729271.30519548
3761647,(2016 UY35),2026-03-30,0.0305179233,0.0682401509,False,11.7215288407,33494735.779036537
3515692,(2010 GD35),2026-03-29,0.0316632126,0.0708010957,False,13.964854448,12123680.735764936
3715092,(2015 FW284),2026-03-29,0.0278326768,0.0622357573,False,20.6614402497,27184487.347670466
3771582,(2017 FN),2026-03-29,0.0840533402,0.1879489824,False,11.0449688401,71043737.3156254
3797752,(2018 BU1),2026-03-29,0.0319561887,0.0714562102,False,9.2039869756,25070596.65024692
3841184,(2019 GW19),2026-03-29,0.096506147,0.2157943048,False,16.7130882262,59761448.45205943
3986735,(2020 BS),2026-03-29,0.0069912523,0.0156329154,False,4.6781595637,52020205.51343732
3467709,(2009 SW19),2026-03-27,0.3180936332,0.7112789871,False,34.4175437105,18277136.37261357
3633188,(2013 FW13),2026-03-27,0.1231841913,0.2754482254,True,19.7564637028,25685773.35533602
3666685,(2014 FO38),2026-03-27,0.0142743051,0.0319183166,False,20.1384864144,52960371.83270884
3878616,(2019 TH5),2026-03-27,0.0305179233,0.0682401509,False,10.9253300958,65094531.5252726
3989190,(2020 BL8),2026-03-27,0.0191670368,0.0428587972,False,11.4238122509,39722840.66325645
3306408,(2005 XY4),2026-03-28,0.0530340723,0.1185877909,False,16.3278497408,16402683.43899429
3409707,(2008 HU4),2026-03-28,0.0058150704,0.0130028927,False,4.6996847458,19274105.60151557
3710920,(2015 DS53),2026-03-28,0.0384197891,0.0859092601,False,8.3126736943,35831300.87142404
3749034,(2016 GN2),2026-03-28,0.02658,0.0594346868,False,5.9343191657,15374907.849838505
3752457,(2016 HP6),2026-03-28,0.022108281,0.0494356193,False,16.1118453466,53555909.25462541
54606301,(2026 EG2),2026-03-28,0.0540698266,0.1209038078,False,16.3684340349,16438174.097512238
3430307,(2008 TA4),2026-03-25,0.0253837029,0.0567596853,False,8.5737337302,19202516.273856632
3634612,(2013 GH66),2026-03-25,0.0066765941,0.0149293183,False,13.7193431638,62805113.56295621
3773594,(2017 FN127),2026-03-25,0.0201629919,0.0450858206,False,21.6255979248,64463934.00246774
3840865,(2019 GL4),2026-03-25,0.063760979,0.1425738833,False,14.188515934,46349992.61481612
3878564,(2019 TP1),2026-03-25,0.1543671822,0.3451755128,True,13.513701712,22798573.18026478
3748280,(2016 FB4),2026-03-26,0.1058168859,0.2366137501,False,26.8168643432,74615501.35303956
3838930,(2019 EA2),2026-03-26,0.0183888672,0.0411187571,False,13.8756622899,44272088.552688725
3114029,(2002 AR129),2026-03-24,0.7665755735,1.7141150923,False,15.2152398925,57377548.57403266
3757291,(2016 PH38),2026-03-24,0.2016299194,0.4508582062,False,26.2951702551,70537279.71065521
3778658,(2017 OO19),2026-03-24,0.0552783379,0.1236061213,False,6.9270415355,17994669.399466533
3802103,(2018 FK5),2026-04-01,0.0058150704,0.0130028927,False,10.0304684453,7889940.81287639
3802440,(2018 GA2),2026-04-01,0.0545198907,0.1219101818,False,18.1494878374,46520045.86924887
3840893,(2019 GC6),2026-04-01,0.0133215567,0.0297879063,False,13.516621665,41537106.45431054
3639439,(2013 LB),2026-04-06,0.0732073989,0.1636967205,False,6.2252455635,23528120.463886067
3671119,(2014 JS54),2026-04-06,0.152249185,0.3404395273,True,20.4447380473,65809377.09317943
3789741,(2017 WY27),2026-04-06,0.0069912523,0.0156329154,False,6.401144509,44258070.46932059
3844004,(2019 SP2),2026-04-06,0.0417402433,0.0933340215,False,10.605268316,12933515.730156098
2302831,302831 (2003 FH),2026-04-07,0.3986162293,0.8913329856,True,25.9024857082,27762562.40469916
2515049,515049 (2010 FL),2026-04-07,0.3669061375,0.8204270649,False,21.7218484947,24074792.878510945
3137865,(2002 TB70),2026-04-07,0.1226182113,0.2741826558,True,9.2419017832,5148768.459356105
3560131,(2011 FT9),2026-04-07,0.0152951935,0.0342010925,False,5.8715183265,1321186.185045654
3757728,(2016 QA2),2026-04-07,0.0253837029,0.0567596853,False,12.7152086982,31786063.74924045
3151655,(2003 FY6),2026-04-04,0.0799015081,0.1786652037,False,30.1227135181,68882199.56196877
3751726,(2016 GV216),2026-04-04,0.058150704,0.130028927,False,4.828704934,24777445.12794832
3840718,(2019 FY1),2026-04-04,0.0060891262,0.0136157002,False,7.7030752879,24073358.50421381
3879228,(2019 UL),2026-04-04,0.0040230458,0.0089958039,False,10.0933937113,49776051.78256108
3879543,(2019 UF5),2026-04-04,0.0201629919,0.0450858206,False,8.7148051969,70550795.83333035
2399325,399325 (1999 GY5),2026-04-05,0.2446554962,0.5470663205,False,21.3856387064,10534086.845233992
3329371,(2006 GC1),2026-04-05,0.2111324448,0.4721064988,True,30.6612921813,13278550.651090017
3515691,(2010 GC35),2026-04-05,0.0310852938,0.0695088301,False,5.2597217782,20748942.20302037
3154493,(2003 JV14),2026-04-02,0.1401376972,0.3133574171,False,11.3768953995,30405998.31092766
3774010,(2017 HB1),2026-04-02,0.0146067964,0.0326617897,False,16.1037245648,45898247.79787591
3831725,(2018 TS4),2026-04-02,0.0080270317,0.0179489885,False,3.6655613182,28291291.94607773
3840710,(2019 FH1),2026-04-02,0.0232570687,0.0520043867,False,4.3418882086,10132004.122956404
3781451,(2017 RK15),2026-04-03,0.0194336768,0.0434550225,False,20.4531947685,74511218.44311742
3781889,(2017 SK16),2026-04-03,0.0692715614,0.1548959201,False,23.8503276982,58269240.994683824
3840727,(2019 FQ1),2026-04-03,0.0096506147,0.0215794305,False,10.097269553,3671457.808277239
2330659,330659 (2008 GG2),2026-04-11,0.0664591797,0.1486072436,False,7.1902670423,22056551.07986206
2363599,363599 (2004 FG11),2026-04-11,0.1638909515,0.3664713084,True,25.0712868385,8454616.104453234
3773918,(2017 GS6),2026-04-11,0.0291443905,0.0651688382,False,17.3069002326,71468855.86591494
3788032,(2017 UR5),2026-04-11,0.0048367649,0.0108153351,False,8.5009200761,56966528.77028277
3840842,(2019 GK3),2026-04-11,0.0033462237,0.0074823838,False,5.538607673,12895114.375801131
3092506,(2001 WJ4),2026-04-12,0.0088014652,0.0196806745,False,7.0586485447,61184499.70137291
3448110,(2009 DC12),2026-04-12,0.0699125232,0.1563291544,False,14.9089895061,49813207.67480915
3991598,(2020 DC),2026-04-12,0.011982708,0.0267941497,False,10.4057302399,25765267.12029023
3152311,(2003 GX),2026-04-10,0.040230458,0.0899580388,False,6.4112076053,10631462.582141634
3520209,(2010 JO33),2026-04-10,0.02658,0.0594346868,False,12.6203412153,23091079.44207071
3667477,(2014 GC49),2026-04-10,0.0050647146,0.0113250461,False,13.8716181993,20904479.961167235
3671125,(2014 JG55),2026-04-10,0.0038419789,0.008590926,False,22.2345727693,65362889.3997074
3878588,(2019 TE3),2026-04-10,0.0211132445,0.0472106499,False,17.9611030354,53382612.49397426
3602623,(2012 HN),2026-04-08,0.0421264611,0.0941976306,False,13.1297577793,17562620.24913606
3666974,(2014 GS1),2026-04-08,0.0121494041,0.0271668934,False,17.7615265459,32461319.3777956
3826768,(2018 PG21),2026-04-08,0.3439972547,0.7692012455,False,15.1038018937,15335446.130821194
3906633,(2019 XF2),2026-04-08,0.0101054342,0.0225964377,False,8.132722472,66627537.25391545
3986725,(2020 BH),2026-04-08,0.0059231806,0.0132446345,False,4.5283378916,51160480.90098306
3727664,(2015 SB),2026-04-09,0.0127219879,0.0284472297,False,8.9320490176,68849212.33404656
3734647,(2015 VE106),2026-04-09,0.0366906138,0.0820427065,False,7.7134953166,65835720.45529814
3750672,(2016 GE135),2026-04-09,0.0661538275,0.1479244553,False,8.802817692,69567435.74705905
3330155,(2006 HV5),2026-04-13,0.3487827332,0.7799019007,True,17.1604859993,73421658.35021995
3610026,(2012 TB53),2026-04-13,0.063760979,0.1425738833,False,9.4720133583,29381533.128157742
3644150,(2013 ML3),2026-04-13,0.0880146521,0.1968067451,False,20.6836779615,64901426.4508156
3752771,(2016 JQ5),2026-04-13,0.0063760979,0.0142573883,False,21.4181803163,58232988.80820864
3774730,(2017 KA5),2026-04-13,0.0201629919,0.0450858206,False,20.3518349981,73314506.3925078
3785933,(2017 UA),2026-04-13,0.0053034072,0.0118587791,False,14.5107471072,35581732.71385806
3830881,(2018 SE2),2026-04-13,0.0305179233,0.0682401509,False,10.1459677459,54138670.22557527
2192559,192559 (1998 VO),2026-04-14,0.2180494405,0.4875733714,True,17.59871357,48958074.9988941
3179348,(2004 GD),2026-04-14,0.0483676488,0.1081533507,False,14.0475049664,19750710.20353792
3634154,(2013 GM3),2026-04-14,0.0146067964,0.0326617897,False,7.4095082859,260528.056557075
2054071,54071 (2000 GQ146),2026-04-22,0.876102615,1.9590250023,False,13.3595606628,23600399.362926766
2434196,434196 (2003 HG2),2026-04-22,0.1295850727,0.2897610314,True,10.190127487,22877259.849750552
3249141,(2004 PJ2),2026-04-22,0.1289896833,0.2884297004,True,6.2862550694,10093294.761546897
3309832,(2005 YO128),2026-04-22,0.0319561887,0.0714562102,False,13.7131544068,66482726.03704227
3581556,(2011 TK5),2026-04-22,0.0695913044,0.1556108872,False,20.1894523647,73640984.14646184
3656929,(2014 BG25),2026-04-22,0.0231502122,0.0517654482,False,12.2649774199,36114053.352105975
3785765,(2017 TG4),2026-04-22,0.0384197891,0.0859092601,False,19.6716809842,43140040.33098448
3843842,(2019 RL3),2026-04-22,0.1248978541,0.2792800919,False,19.8405250764,30064365.305396687
2612786,612786 (2004 PJ2),2026-04-22,0.135692229,0.303417048,True,6.2862540782,10093329.363534223
3472700,(2009 UZ87),2026-04-23,0.0175612318,0.0392681082,False,6.3251564544,32391664.39547512
3582088,(2011 UK10),2026-04-23,0.0253837029,0.0567596853,False,6.1818421686,51372868.841687314
3764727,(2016 WF7),2026-04-23,0.0046190746,0.0103285648,False,5.9743697962,37751973.996792346
3774006,(2017 HX),2026-04-23,0.0384197891,0.0859092601,False,10.5369672698,17936651.36617719
3840736,(2019 FP2),2026-04-23,0.095182033,0.212833496,False,6.8229660667,9532916.294791128
3472366,(2009 UC19),2026-04-21,0.0242412481,0.0542050786,False,8.7681649915,15047308.126819262
3739705,(2016 AH164),2026-04-21,0.0030517923,0.0068240151,False,7.9596270853,63505420.402027935
3754379,(2016 NR),2026-04-21,0.046190746,0.1032856481,False,7.7079040414,45792476.98753876
2090416,90416 (2003 YK118),2026-04-19,0.4555698523,1.0186851583,True,9.8065880126,26906588.644679617
3763337,(2016 VX1),2026-04-19,0.02658,0.0594346868,False,14.0071664068,54730668.95475634
3767035,(2017 BF29),2026-04-19,0.0202560601,0.0452939273,False,0.5628267579,21563372.215666883
3836249,(2018 WA),2026-04-19,0.0110803882,0.0247765013,False,7.9906953189,69496329.75515829
3841630,(2019 HV3),2026-04-19,0.0421264611,0.0941976306,False,9.3454105386,17659777.82746988
3418110,(2008 NP3),2026-04-17,0.0722029558,0.1614507173,False,8.2769462638,46853090.44610336
3789392,(2017 VV13),2026-04-17,0.04411182,0.0986370281,False,6.7276727555,51409410.470121376
2467336,467336 (2002 LT38),2026-04-18,0.2007035141,0.4487867009,True,16.7314748512,46387137.721057765
3574830,(2011 PU1),2026-04-18,0.0201629919,0.0450858206,False,14.5900882025,49572900.10410935
3608785,(2012 SL8),2026-04-18,0.1805323255,0.4036825521,False,16.4980686901,27438568.91785371
3715997,(2015 HH),2026-04-18,0.0160160338,0.0358129403,False,9.9449240644,29130337.644961897
3720440,(2015 KJ122),2026-04-18,0.1058168859,0.2366137501,False,20.4240873796,8649338.511402378
3826795,(2018 PZ21),2026-04-18,0.0121494041,0.0271668934,False,9.8093518405,49561969.10742674
3841545,(2019 HS2),2026-04-18,0.0127219879,0.0284472297,False,18.3719431485,43057288.77321528
3152318,(2003 GR22),2026-05-01,0.0978486812,0.2187963027,False,13.4435936191,29560376.72351212
3337999,(2006 PF1),2026-05-01,0.3240074354,0.7245026508,False,29.3371517375,38489951.1652675
3351834,(2006 UE17),2026-05-01,0.1082816778,0.2421251924,False,11.4509929104,8675494.696666148
3696402,(2014 WF6),2026-05-01,0.0348782733,0.0779901901,False,26.6555339952,41653581.00720598
3766164,(2016 YC8),2026-05-01,0.0319561887,0.0714562102,False,5.7394350416,26548756.94242845
3789382,(2017 VK13),2026-05-01,0.0557898221,0.1247498347,False,20.999860302,48353213.71021234
3789401,(2017 VE14),2026-05-01,0.0069912523,0.0156329154,False,9.6530918492,38287504.03294432
3455314,(2009 FP28),2026-04-30,0.1608996045,0.3597824532,False,11.1279832892,14430234.416020053
3715499,(2015 FD341),2026-04-30,0.7665755735,1.7141150923,False,33.0388268038,53103554.04845602
3829424,(2018 RO5),2026-04-30,0.0200703514,0.0448786701,False,8.018552358,36060713.78276387
3841683,(2019 JG),2026-04-30,0.0384197891,0.0859092601,False,15.7166104301,19519440.513355237
3879269,(2019 UT1),2026-04-30,0.0076657557,0.0171411509,False,20.7107019458,60813407.07545304
3767010,(2017 BO6),2026-04-28,0.0160160338,0.0358129403,False,9.0627133379,43561558.82349225
3835974,(2018 VK1),2026-04-28,0.0096506147,0.0215794305,False,6.8481083203,64015938.541983545
3843280,(2019 NF6),2026-04-28,0.235806068,0.5272783976,False,30.0490591718,47139152.31590564
3843775,(2019 RW),2026-04-28,0.1058168859,0.2366137501,False,12.9215434835,17255491.468728043
3258075,(2004 US1),2026-04-29,0.1961349444,0.4385710684,False,16.6833815979,12091357.483028922
3516633,(2010 HA),2026-04-29,0.04411182,0.0986370281,False,3.9882208355,15359841.534195278
2088710,88710 (2001 SL9),2026-04-26,0.7990150812,1.7866520367,False,14.7891020595,29843746.34028716
3549564,(2010 TM167),2026-04-26,0.1677084622,0.3750075218,False,17.2846842031,60817586.12187106
3731242,(2015 TD323),2026-04-26,0.2745079817,0.6138185073,True,40.4200435421,63581585.15062125
3735656,(2015 XL1),2026-04-26,0.0766575574,0.1714115092,False,17.4837197755,56845320.61166521
3786454,(2017 TK6),2026-04-26,0.0315177333,0.0704757942,False,19.7795554879,69757866.37063533
3789618,(2017 WZ12),2026-04-26,0.0110803882,0.0247765013,False,8.8978963967,43505059.65737702
3802391,(2018 GD),2026-04-26,0.0319561887,0.0714562102,False,19.3314718549,66100064.84327764
3803910,(2018 HP),2026-04-26,0.0148099972,0.0331161605,False,16.8704366812,29383505.007601783
3843838,(2019 RE3),2026-04-26,0.0715409951,0.1599705282,False,17.8545424132,43197162.67694677
3638380,(2013 JL22),2026-04-27,0.1557955241,0.3483693825,True,10.2583403183,49690335.22492806
3638505,(2013 JX28),2026-04-27,0.2538370294,0.5675968529,False,25.1333552448,70215328.78824738
3837721,(2019 AG7),2026-04-27,0.0211132445,0.0472106499,False,12.54776667,65356747.5993154
3717050,(2015 HQ10),2026-04-25,0.0555334912,0.1241766613,False,32.9237215246,37552338.66115432
3797689,(2018 AG12),2026-04-25,0.0483676488,0.1081533507,False,9.3622374326,41425236.92776794
3092253,(2000 EM26),2026-05-02,0.0836671502,0.1870854353,False,20.9442541871,40026913.2339793
3751826,(2016 GA221),2026-05-02,0.0766575574,0.1714115092,False,13.4132134124,15573485.423817122
3653390,(2013 VL),2026-05-08,0.0076657557,0.0171411509,False,19.0902236601,53024546.11754443
3719730,(2015 KB57),2026-05-08,0.0921626549,0.2060819612,False,21.1447801345,21218744.948928714
3143095,(2002 VU114),2026-05-07,0.0732073989,0.1636967205,False,11.1490042524,18962018.99809788
3374391,(2007 HW4),2026-05-07,0.0506471459,0.1132504611,False,18.3150207484,45182093.77219913
3799712,(2018 DT),2026-05-07,0.0101054342,0.0225964377,False,17.0427410086,72978230.63629942
3461231,(2009 KR4),2026-05-06,0.02658,0.0594346868,False,12.8245997874,37886629.328426756
3763274,(2016 VB1),2026-05-06,0.0051351718,0.0114825932,False,18.06666918,73751736.83514616
3843898,(2019 SX),2026-05-06,0.0031956189,0.007145621,False,29.1603883618,73106912.37538685
3532401,(2010 MS1),2026-05-05,0.1113153296,0.2489086439,False,18.5068442359,60101338.89672127
3654644,(2013 XS23),2026-05-05,0.0146067964,0.0326617897,False,8.0837105929,35420883.18414111
3802033,(2018 FZ2),2026-05-05,0.0366906138,0.0820427065,False,9.2307116148,64695521.124370776
2454101,454101 (2013 BP73),2026-05-04,0.2160503512,0.4831032718,True,21.1006637868,10898356.805976134
3022970,(1999 SG10),2026-05-04,0.1873074177,0.4188321187,True,29.4687533542,46498996.73087009
3603631,(2012 JR4),2026-05-04,0.0421264611,0.0941976306,False,8.6710847853,23171996.900034137
3763475,(2016 VL3),2026-05-04,0.0347180222,0.0776318577,False,6.4995189833,66535128.630045205
3773989,(2017 HH),2026-05-04,0.3240074354,0.7245026508,False,26.9707987813,65092395.56688474
3819563,(2018 HV1),2026-05-04,0.063760979,0.1425738833,False,17.7201836405,14574382.929288924
3841615,(2019 HK3),2026-05-04,0.0305179233,0.0682401509,False,11.7524191437,41896718.84992788
3879533,(2019 UN4),2026-05-04,0.0732073989,0.1636967205,False,11.1996316907,10512798.514820874
3126183,(2002 JR100),2026-05-03,0.0366906138,0.0820427065,False,6.1402465937,12493153.411229936
3762171,(2016 UY56),2026-05-03,0.0433066885,0.0968366995,False,14.5353317737,10912294.525368506
3819554,(2018 HL1),2026-05-03,0.04411182,0.0986370281,False,21.3709635327,42181306.35792238
